{
  "knowledge_base": {
    "name": "vCluster Kubernetes Troubleshooting",
    "version": "2.0",
    "last_updated": "2025-12-05",
    "categories": [
      "troubleshooting",
      "kubernetes",
      "azure",
      "workload-identity",
      "vcluster",
      "operators"
    ],
    "documents": [
      {
        "id": "kb-001",
        "title": "Workload Identity Issues",
        "file": "workload-identity.json",
        "tags": ["azure", "authentication", "crashloopbackoff"]
      },
      {
        "id": "kb-002",
        "title": "Resource Provisioning Failures",
        "file": "resource-provisioning.json",
        "tags": ["debugging", "crossplane", "controllers"]
      },
      {
        "id": "kb-003",
        "title": "Emergency Fixes and Workarounds",
        "file": "emergency-fixes.json",
        "tags": ["production", "hotfix", "downgrade"]
      },
      {
        "id": "kb-004",
        "title": "kubectl Command Reference",
        "file": "kubectl-commands.json",
        "tags": ["commands", "reference", "vcluster"]
      },
      {
        "id": "kb-005",
        "title": "Investigation Patterns",
        "file": "investigation-patterns.json",
        "tags": ["methodology", "debugging", "best-practices"]
      },
      {
        "id": "kb-k8s-master",
        "title": "Complete Kubernetes Troubleshooting Knowledge Base",
        "file": "k8s-master-kb.json",
        "tags": [
          "cluster",
          "nodes",
          "pods",
          "networking",
          "storage",
          "api-server",
          "rbac",
          "ingress",
          "dns",
          "scheduling",
          "controllers",
          "etcd",
          "cni"
        ],
        "summary": "Unified Kubernetes troubleshooting reference (errors, patterns, diagnostics, fixes) including connectivity, node issues, pod lifecycle, networking, storage, control plane, RBAC, policies, scheduling, workloads, and more."
      }
    ]
  }
}